,0,1
0,system source reflected,7.60526315789
1,design architecture stage,7.58333333333
2,rating concentration product,7.51960784314
3,analytics reports dashboards,7.43571428571
4,system deployed enbd,7.33603238866
5,risk gcr high,7.25
6,applications source systems,7.1380952381
7,investment fee commission,7.08712121212
8,risk country concentration,7.07913165266
9,fee income month,7.03333333333
10,data modelling meta,7.0
11,reports kpis coverage,6.96129032258
12,reporting hierarchies overview,6.81739130435
13,investment product security,6.75974025974
14,centralized data mart,6.70833333333
15,month spend active,6.70793650794
16,cco channels initiation,6.66666666667
17,entity attribute count,6.625
18,areas customer product,5.77083333333
19,bi tools,5.17171717172
20,max pages,5.1
21,lookup files,4.7
22,source system,4.60526315789
23,data warehouse,4.58333333333
24,edw solution,4.58193979933
25,product concentration,4.51960784314
26,source feeding,4.5
27,objective goal,4.5
28,source data,4.5
29,period oem,4.46666666667
30,securities concentration,4.46405228758
31,system holds,4.43859649123
32,uae ho,4.42857142857
33,uae hoemirates,4.42857142857
34,customer segment,4.40416666667
35,ivr cco,4.4
36,month new,4.4
37,data mart,4.375
38,capabilities mart,4.375
39,activation mis,4.375
40,paas msp,4.33333333333
41,dashboards scorecards,4.28571428571
42,product balances,4.26666666667
43,insight future,4.25
44,salary prepaid,4.23076923077
45,data sources,4.2
46,line analytical,4.17142857143
47,master data,4.16666666667
48,data coverage,4.16129032258
49,statement life,4.125
50,channel sales,4.11666666667
51,terminal id,4.1
52,commission earned,4.04166666667
53,rbwm dwh,4.0
54,stmt twitterpay,4.0
55,historical data,4.0
56,ipp bookings,4.0
57,insurance commission,3.99404761905
58,customer relationship,3.9375
59,terminal location,3.93333333333
60,industry concentration,3.9243697479
61,etfs enterprise,3.875
62,customer type,3.86607142857
63,system edoc,3.85526315789
64,loans facilities,3.83333333333
65,sole discretion,3.83333333333
66,data model,3.80952380952
67,onboarding maintenance,3.8
68,insurance product,3.78571428571
69,products solutions,3.7
70,query results,3.68333333333
71,development life,3.625
72,strictly indicative,3.5
73,manager improves,3.5
74,investment insurance,3.49783549784
75,compliance high,3.21212121212
76,channel wise,3.18939393939
77,finance services,3.1625
78,source,2.5
79,total,2.42857142857
80,banking,2.41666666667
81,applications,2.4
82,reports,2.4
83,kpis,2.4
84,period,2.3
85,dashboards,2.28571428571
86,spend,2.28571428571
87,systems,2.2380952381
88,enbd,2.23076923077
89,active,2.22222222222
90,reporting,2.21739130435
91,interface,2.2
92,month,2.2
93,hierarchies,2.2
94,master,2.16666666667
95,product,2.16666666667
96,levels,2.16666666667
97,coverage,2.16129032258
98,finnone,2.14285714286
99,country,2.14285714286
100,finacle,2.11111111111
101,system,2.10526315789
102,balances,2.1
103,users,2.1
104,retail,2.05882352941
105,solution,2.04347826087
106,capabilities,2.0
107,entities,2.0
108,count,2.0
109,core,2.0
110,salary,2.0
111,usage,2.0
112,rbwm,2.0
113,meta,2.0
114,balance,2.0
115,income,2.0
116,data,2.0
117,customers,1.9375
118,customer,1.9375
119,query,1.93333333333
120,type,1.92857142857
121,channel,1.91666666667
122,contact,1.90909090909
123,investment,1.87878787879
124,entity,1.875
125,enterprise,1.875
126,wealth,1.875
127,enquiries,1.875
128,performance,1.875
129,monitoring,1.85714285714
130,transaction,1.85
131,open,1.83333333333
132,transactions,1.83333333333
133,market,1.81818181818
134,model,1.80952380952
135,transformation,1.8
136,phase,1.8
137,communication,1.8
138,markets,1.8
139,collateral,1.77777777778
140,metadata,1.77777777778
141,smart,1.75
142,lead,1.75
143,nationality,1.75
144,technical,1.75
145,feed,1.75
146,relevant,1.75
147,outstanding,1.75
148,queries,1.73333333333
149,analysis,1.7
150,managed,1.66666666667
151,competitive,1.66666666667
152,areas,1.66666666667
153,installment,1.66666666667
154,contacts,1.66666666667
155,features,1.66666666667
156,tradenet,1.66666666667
157,priority,1.66666666667
158,initiation,1.66666666667
159,demand,1.66666666667
160,making,1.66666666667
161,documentation,1.66666666667
162,high,1.66666666667
163,islamic,1.66666666667
164,organization,1.65
165,tier,1.625
166,insurance,1.61904761905
167,requirement,1.6
168,access,1.6
169,services,1.6
170,employee,1.6
171,line,1.6
172,force,1.57142857143
173,broad,1.57142857143
174,industry,1.57142857143
175,finance,1.5625
176,compliance,1.54545454545
177,branch,1.53846153846
178,facilities,1.5
179,manager,1.5
180,implementation,1.5
181,loss,1.5
182,indicative,1.5
183,solutions,1.5
184,clients,1.5
185,delinquency,1.5
186,functional,1.5
187,increased,1.5
188,development,1.5
189,develop,1.5
190,lifecycle,1.5
191,term,1.4
192,home,1.4
193,days,1.4
194,functions,1.4
195,issued,1.33333333333
196,clarification,1.33333333333
197,auto,1.33333333333
198,growth,1.33333333333
199,debit,1.33333333333
200,answers,1.33333333333
201,action,1.33333333333
202,approved,1.33333333333
203,mapping,1.33333333333
204,accruals,1.33333333333
205,wise,1.27272727273
206,requests,1.25
207,introduction,1.25
208,attached,1.25
209,cross,1.25
210,work,1.2
211,documents,1.125
212,tanfeeth,1.0
213,concurrent,1.0
214,groupemirates,1.0
215,arab,1.0
216,appendices,1.0
217,documented,1.0
218,instances,1.0
219,status,1.0
220,attachments,1.0
221,contracting,1.0
222,phases,1.0
223,review,1.0
224,participants,1.0
225,template,1.0
226,revolving,1.0
227,europe,1.0
228,behavior,1.0
229,dice,1.0
230,lending,1.0
231,movement,1.0
232,crad,1.0
233,basis,1.0
234,sections,1.0
235,sort,1.0
236,discretionary,1.0
237,hardware,1.0
238,install,1.0
239,appraisal,1.0
240,wallet,1.0
241,dual,1.0
242,ideas,1.0
243,transactional,1.0
244,administration,1.0
245,easily,1.0
