,0
0,end-user
1,write-off
2,consolidated
3,relationship information
4,environment requirement
5,miscellaneous information
6,new-to-bank
7,profitability marketing
8,settlement
9,integrity
10,advisory non-discretionary
11,clarification
12,meta-data
13,reporting business
14,commission information
15,thursday
16,application lifecycle
17,environment
18,quarterly
19,presentation
20,claw-back reinstatement
21,confirmation
22,employer information
23,confidential
24,activation
25,enterprise-wide
26,sub-type
27,summarized
28,organization enterprise
29,high-level reporting
30,condition
31,customizable
32,management procedure
33,enterprise information
34,applicable
35,utilization advisory
36,convenience
37,portfolio attrition
38,excellence
39,business monitoring
40,near-real
41,cardscard
42,configurable threshold
43,management portfoliomoney
44,configuration management
45,management portfolio
46,consistent
47,measurable
48,portfolio information
49,enhancement
50,investment
51,reconciliation
52,operational reporting
53,analytical application
54,transformation translation
55,employer summaryportfolio
56,specification
57,management department
58,profitability
59,business
60,functionality available
61,sub-continent
62,resilient
63,consolidation blueprint
64,collateral
65,segmentation
66,essential websphere
67,architecture application
68,commercial
69,understanding
70,protection
71,clearstream
72,insurance clawback
73,essential cornerstone
74,consideration
75,flexible operating
76,warehousing
77,appraisal
78,compliance
79,experience
80,membership
81,implement maintenance
82,management application
83,management essential
84,beneficiary information
85,customization development
86,analysis transformation
87,integrator
88,vice-versa investment
89,marketclient
90,flexibility
91,reinstate surrender
92,spendsretail
93,sophisticated reporting
94,accountsrevenue
95,collateral management
96,granular
97,extraction transformation
98,governance
99,attribute
100,safewatch
101,manufacturer
102,forecasting profitability
103,performance management
104,successful
105,concentration analysis
106,integrate
107,appendix
108,organization business
109,particular
110,subscription
111,following characteristic
112,proposal barclays
113,warehouse architecture
114,transaction authorization
115,transparency
116,following
117,conformity
118,industry
119,semi-automatic
120,customertypecategory customertypesubcategory
121,receivables
122,differentiator
123,calculation
124,semi-structured
125,household
126,portfolio management
127,non-disclosure agreement
128,employer- distribution
129,guarantee
130,information
131,respective
132,productive
133,monitoring
134,downstream
135,brokerage
136,sharepoint
137,application architecture
138,additional application
139,warehouse monitoring
140,attribute definition
141,proposal introduction
142,competitor bankscorporate
143,attribution portfolio
144,interaction transaction
145,summarycard
146,barclays tentative
147,collection
148,fast-growing
149,redundancy
150,commercial confidence
151,remediation
152,dimensional hierarchy
153,business high-level
154,documentation
155,hierarchy structure
156,statement life-cycle
157,transaction initiation
158,stakeholder
159,correlation
160,un-structured
161,geographic
162,feedback
163,information potential
164,in-house
165,information investment
166,technical architecture
167,analytical predictive
168,barclays
169,statistical
170,responsive
171,approval management
172,analytical reporting
173,claw-back reinstate
174,organisation
175,estimating
176,permanent
177,suspension
178,centralized management
179,financial non-financial
180,self-service reporting
181,portfolio analysis
182,combination
183,appendix appendix
184,powerdesigner
185,penetration
186,singapore singapore
187,provision
188,barclays flexible
189,operational information
190,non-customer
191,installment
192,appendix flexibility
193,credibility reputation
194,appropriate additional
195,capability
196,repayment
197,end-to-end
198,identifier
199,platform qlikview
200,warehouse environment
201,subsystem
202,breakdown
203,atmrevenue
204,financial
205,international application
206,generation
207,introduction obligation
208,administrator
209,summarized executive
210,on-boarding maintenance
211,tokenization encryption
212,procurement implementation
213,pre-approved application
214,transaction hierarchy
215,architecture infrastructure
216,predefined
217,calculation conditional
218,attrition retention
219,information insurance
220,evaluation
221,foundation
222,acceptance copyright
223,third-party
224,boulevard
225,incremental transaction
226,delinquency
227,suspicious transaction
228,beginning
229,twitterpay
230,unresolved
231,derivation
232,unifying collection
233,revenuecustomer
234,business performance
235,commission management
236,conversation
237,visionplus
238,responsible corporation
239,transaction remittance
240,management reporting
241,promotion
242,prospective
243,nationality hierarchy
244,ownership
245,preservation
246,strategic
247,analysis dashboard
248,customization
249,reporting structure
250,financial reporting
251,interchange
252,management
253,industry physical
254,utilization
255,overdraft
256,engagement
257,equipment manufacturer
258,electronic
259,lifecycle information
260,application development
261,statement
262,cashdomestic
263,percentage
264,segregation telegraphic
265,diversified
266,blacklist
267,environmental
268,information collateral
269,discretionary
270,competitive business
271,preparation
272,historical
273,registered customers-
274,particular employer-
275,portfolio improvement
276,comprehensive granular
277,cross-reference
278,regulatory reporting
279,cashspend
280,outstanding
281,packageforex
282,integrated operational
283,business intelligence
284,business glossary
285,integrated enterprise
286,transaction monitoring
287,development implementation
288,clawback reinstatement
289,transactional
290,responsible
291,mechanism
292,associated reference
293,self-service
294,potential
295,portfolio delinquency
296,objective
297,centralized repository
298,extensive international
299,persistence
300,accuracy
301,subvention
302,optimizer
303,performance measurement
304,marketing compliance
305,analytical processing
306,organization
307,approved
308,particular barclays
309,nr-banks-abroad
310,enterprise
311,investment management
312,liquidity
313,advisory
314,messaging websphere
315,selection
316,spendsonline
317,usagepremium
318,centralized
319,anniversary
320,downstream application
321,insurance investment
322,high-level
323,management investment
324,henceforth
325,indicator
326,non-digital
327,corporate employer
328,indicative attribute
329,operational
330,dictionary attribute
331,insurance portfolio
332,employee
333,non-compliance
334,financial consolidation
335,procedure deployment
336,cashinternational
337,customertypesubcategory customertypecode
338,permission
339,custodian
340,expectation
341,preferred
342,disbursed
343,effective efficient
344,application subsystem
345,following selection
346,analysis predictive
347,business landscape
348,management business
349,helpdesk rightfax
350,graphical representation
351,low-value
352,analytical
353,hierarchy wholesale
354,requirement
355,reference
356,supporting
357,organization operational
358,detection
359,individual
360,migration
361,mobactivation mobactivation
362,in-memory
363,on-demand
364,desirable messaging
365,detailsdebit
366,subsequent
367,reinstatement surrender
368,information management
369,identification
370,timeframe
371,progress
372,desirable authentication
373,approach
374,discovery
375,available
376,accessible information
377,infrastructure
378,transaction transaction
379,insurance claw-back
380,component
381,attention
382,relationship management
383,franchise
384,nationality
385,configuration
386,tracksoft
387,aggregated summarized
388,coldfusion
389,non-online
390,business-user
391,long-term
392,dimension reference
393,integrate different
394,satisfaction
395,interface
396,initiative
397,different business
398,cross-functional
399,affiliated
400,allocated
401,insurance commission
402,described
403,platform
404,management information
405,nationality sub-group
406,subscriber
407,commission
408,production
409,initiation
410,proposal
411,education environment
412,graphical
413,efficacy
414,frequency specified
415,sufficient
416,reporting regulatory
417,representative
418,derivative
419,exception
420,glossary
421,industry concentration
422,analysis development
423,dashboard
424,promising
425,cancelled
426,subsystem physical
427,additional analysis
428,responsibility barclays
429,analysis computation
430,technology
431,increased
432,different
433,acquisition attrition
434,customergroup customerclass
435,responsibility completion
436,tafawouq
437,administration
438,configurable
439,inventory
440,discretion determine
441,development
442,marketplace business
443,satellite
444,comprehensive
445,reporting
446,negotiate
447,allocation
448,bloomberg
449,aggregate
450,technical transformation
451,extendible
452,opportunity
453,cross-relating
454,transaction
455,performance reporting
456,indonesia
457,customized
458,analysis
459,extensible
460,technical information
461,consistency
462,termination
463,non-performing
464,meta-data management
465,ambassador
466,restructure
467,deployment
468,competitive
469,implementation life-cycle
470,underlying
471,transaction information
472,information beneficiary
473,r-branch
474,functional analytical
475,revaluation
476,visualization
477,execution
478,greenwich
479,reporting platform
480,demographic
481,investment corporate
482,transparent
483,complying
484,transformation
485,definitive
486,surrender information
487,information individual
488,aggregation
489,indicative
490,portfolio performance
491,investment portfolio
492,recipient
493,prominent
494,non-financial
495,necessary
496,submission
497,standardization
498,corporate responsibility
499,framework agreement
500,profitability profitability
501,qliksense
502,multiplication concatenation
503,mathematical
504,in-active customers-
505,supplementary
506,economic
507,specified
508,operational efficiency
509,charge-off
510,r-individual
511,management collateral
512,spendsactivation mobactivation
513,integration
514,discretion
515,involuntary attrition
516,marketing potential
517,management dashboard
518,contingent
519,repository
520,informatica
521,illustration
522,leadership
523,investment insurance
524,description preliminary
525,sub-channel
526,compliance monitoring
527,extension
528,introduction barclays
529,employee information
530,acceptance barclays
531,executive management
532,administration department
533,respondent
534,websphere essential
535,communication
536,concurrency capability
537,functional
538,signature
539,extraction analysis
540,successful completion
541,marketing information
542,beneficiary
543,additional
544,architecture methodology
545,transform
546,continuous improvement
547,profitability analysis
548,intention
549,development parameterization
550,summaryp
551,subsidiary
552,approval
553,customerclass customertypecategory
554,regulatory requirement
555,wholesale
556,middleware
557,attached
558,international rgsrevenueinterchangefxinterchange
559,distribution
560,associated
561,inclusive
562,voluntary attrition
563,sub-category
564,expertise
565,inconsistent incorrect
566,constitution hierarchy
567,physical
568,completeness
569,nationality nationality
570,q-system
571,disbursal
572,sharecommission
573,non-resident
574,insurance
575,application
576,functionality
577,warehouse
578,auditability compliance
579,deviation
580,summarycorporate employer
581,net-worth
582,accumulation redemption
583,miscellaneous
584,migration comprehensive
585,concurrent
586,important
587,copyright unauthorised
588,aggregated
589,structure
590,building
591,miscellaneous insurance
592,growthproduct
593,performance assessment
594,subsystem analytical
595,resolution
596,dimension hierarchy
597,warehouse business
