,index,txt
304,0.147121577,customer non-customers data
239,0.146490833,customer data
240,0.146490833,data customer
212,0.14545634,data model report
659,0.138044564,requirement data warehouse
272,0.127201763,data requirement centralized
273,0.127201763,requirement centralized data
230,0.126918385,data requirement quarterly
86,0.126323279,data requirement
757,0.126323279,requirement data
762,0.124441678,data model database
689,0.124182115,data model platform
84,0.123784942,metadata data model
75,0.123603132,data warehouse edw
221,0.12342812,analytics data model
648,0.12339383,attribute data model
268,0.123178771,data warehouse kpis
451,0.122689482,rbwm data warehouse
804,0.122348581,data model dimension
734,0.120942199,model data dictionary
830,0.120609266,data warehouse etl
227,0.120196453,check data model
766,0.120170408,logical data model
753,0.120114029,data model persistence
222,0.119461511,model data
651,0.118726538,attribute data warehouse
374,0.117851361,data warehouse dw
823,0.117851361,dw data warehouse
484,0.117829961,data warehouse rdw
654,0.116645448,repository data warehouse
155,0.116414387,integration data warehouse
452,0.116401281,data warehouse sigcap
372,0.116332987,setup data warehouse
381,0.115672702,centralized data warehouse
217,0.115570443,bi performance data
824,0.11545479,data warehouse dc
756,0.11545031,theme data warehouse
95,0.114912526,data transformation bi
88,0.114809681,data mart compliance
288,0.114809681,compliance data mart
100,0.114794218,data warehouse
328,0.114794218,warehouse data
351,0.11409851,data platform capability
623,0.11405794,edw data flow
528,0.113914027,security data derivative
642,0.113583024,reporting data
206,0.112784874,data element kpis
219,0.112680025,dashboard scorecard data
143,0.112404311,data mining risk
348,0.112346699,data security
650,0.11221353,entity attribute data
289,0.111881846,data edw
204,0.111372356,bi data mining
259,0.111328795,historical period data
383,0.110351628,online data
658,0.110351628,data online
612,0.110235001,data extraction transformation
632,0.110235001,extraction data transformation
712,0.110182207,data quality metadata
299,0.109944649,data compliance
760,0.109631639,data analysis
308,0.109549166,data decision making
183,0.109378644,analytical predictive data
169,0.109070215,maker transformation data
274,0.108816449,centralized data mart
306,0.108570889,data mart one-way
711,0.10849216,window data quality
646,0.10848594,data dictionary attribute
583,0.108453704,data transformation
774,0.107659108,historical data migration
618,0.107653103,extraction strategy data
156,0.107651663,intelligence data quality
637,0.107200842,statistic data reconciliation
473,0.107039542,data analytics
639,0.106959158,threshold data reconciliation
826,0.106956864,dq data quality
716,0.106804406,dq window data
368,0.106767029,data warehousing dw
773,0.106652091,applicable historical data
710,0.106500441,qliksense window data
157,0.106472508,data quality cross
99,0.106095945,data reconciliation
770,0.106036504,data migration script
103,0.105979302,data archival capacity
312,0.105942529,historical data
410,0.105894132,data dts saxo
139,0.105858776,data quality
184,0.105823536,predictive data mining
653,0.105802647,centralized repository data
761,0.105614217,data audit
621,0.105408691,data migration legacy
153,0.10538889,sdlc data integration
291,0.105344414,gop data sigcap
167,0.105249027,flow data
414,0.105157812,data bloomberg reuters
378,0.10511387,encryption data element
474,0.104924163,data repository
135,0.104913534,data mining
631,0.10485423,data extraction
413,0.104825222,markey data bloomberg
329,0.104752714,pattern analyze data
568,0.104691649,data kpi
267,0.104656028,data business-user
656,0.104634509,aggregated summarized data
526,0.104632809,data allfunds scb
377,0.104491791,tokenization encryption data
224,0.104400322,data element
724,0.104278352,data archival
742,0.104196462,data governance
501,0.103980712,data multi-channels
628,0.10376874,data latency
749,0.103732639,enterprise-wide data
256,0.10370191,data valuation
611,0.103685948,program data
502,0.07214739,customer segment channel
477,0.064723927,customer segment rbwm
601,0.063466576,channel mi customer
806,0.06292874,customer segment hierarchy
807,0.06292874,segment hierarchy customer
808,0.06292874,hierarchy customer segment
434,0.06055084,customer interaction channel
575,0.060540279,social channel customer
498,0.059897189,customer channel subscription
585,0.059644407,multi-channels customer channel
494,0.058736628,customer channel
250,0.056828663,customer segment
514,0.056828663,segment customer
487,0.052405047,dimension hierarchy customer
423,0.050696595,customer online
300,0.050289616,compliance customer
584,0.049328261,customer finacle
821,0.048212843,crm customer
598,0.048147849,mi customer
117,0.047768931,customer employee
493,0.047521597,active customer
269,0.046100666,warehouse kpis report
140,0.045232112,customer interaction
390,0.045193686,modeling customer segmentation
389,0.045126844,predictive modeling customer
454,0.045018559,docsafe customer
597,0.044390172,cross-functional customer
822,0.044304251,c-sat customer
461,0.044017259,premier customer
281,0.044007228,prospect customer
9,0.0434179,customer
208,0.042498604,kpis report dashboard
605,0.041506391,report emirate
574,0.041313556,report channel
349,0.040536133,report bi tool
681,0.039177385,report self-service reporting
97,0.03808066,analytics report dashboard
331,0.037928275,analysis dashboard requirement
161,0.037454968,analytical requirement edw
767,0.037149794,rdw dashboard report
190,0.036786518,report self-service dashboard
739,0.036618595,audit report tool
207,0.035706769,element kpis report
209,0.03560192,report dashboard scorecard
606,0.035268594,security report
475,0.035264963,requirement rbwm dwh
151,0.035104877,bi analytical requirement
489,0.034379381,report kpis
236,0.033760436,reporting requirement
196,0.033067418,report customized bi
317,0.032133052,functional requirement bi
480,0.032066676,mi report stakeholder
200,0.032004305,analytical report customized
211,0.031390537,report analytical
333,0.031369569,requirement dashboard
469,0.031366653,prepare mi report
366,0.031145609,requirement rbwm
160,0.031069939,functional analytical requirement
345,0.029927148,report attribute
607,0.029842993,report contact
608,0.029842993,contact report
319,0.029709168,bi requirement
633,0.029680739,gui interface report
682,0.029571135,self-service reporting model
613,0.029065394,requirement etl
320,0.028193961,report regulatory
321,0.028193961,regulatory report
736,0.027474883,ad-hoc report
339,0.027292442,report distribution
237,0.027268419,control reconciliation requirement
313,0.026659606,requirement basel regulatory
673,0.02662661,box report
342,0.02661174,older report
344,0.02659464,report attached
341,0.026587461,variance report
142,0.026287963,cross functional requirement
818,0.026283837,mart channel hierarchy
652,0.025980059,requirement centralized repository
90,0.02567423,functional requirement
758,0.025621078,requirement interface
759,0.025621078,interface requirement
547,0.025561477,po online channel
311,0.025449478,regulatory requirement
478,0.02542538,segment rbwm dwh
58,0.025213568,skill requirement
751,0.024925235,semantics unifying requirement
687,0.024869061,requirement kpi
655,0.024811921,requirement aggregated summarized
596,0.024785328,security emirate
428,0.024582207,transactional requirement
101,0.024470574,hardware requirement
195,0.023865966,requirement interval
5,0.023250345,requirement
424,0.023208981,channel non-individuals online
284,0.022809505,channel risk
811,0.022551359,entity attribute segment
809,0.021306026,segment rbwm
82,0.021292344,reporting bi metadata
370,0.021265039,self-service reporting tool
504,0.021001915,analytics channel migration
81,0.020935521,analytics reporting bi
180,0.020853271,reporting bi oem
252,0.020681736,channel oracle
150,0.020663445,edw bi analytical
80,0.020291747,etl analytics reporting
694,0.020232167,platform emirate
663,0.020117183,dashboard scorecard reporting
486,0.020105838,warehouse kpis
600,0.020048676,mi channel
127,0.020021959,tool analysis transformation
457,0.019969469,analysis segment
820,0.019869585,segment bi
660,0.019669759,channel employee
679,0.019641379,self-service bi reporting
831,0.019509295,warehouse etl extract
815,0.019424321,rdw model
592,0.019254117,reporting tool chosen
246,0.018773771,oracle segment
491,0.018758246,visionplus finnone segment
441,0.018756307,campaign channel
130,0.018592573,reporting tool
827,0.018472869,cfu emirate
417,0.018228174,tradenet emirate
525,0.018116832,channel sale
829,0.018082679,security edw
367,0.01807926,tanfeeth emirate
578,0.018071889,cco channel
685,0.017903161,self-service reporting platform
588,0.017617902,pl hl emirate
70,0.017508276,sla model
429,0.017259166,channel mobile
677,0.017213771,bi tool self-service
678,0.017213771,tool self-service bi
136,0.017087888,analytical reporting domain
126,0.017068797,analysis reporting
603,0.017052035,saa model
506,0.017035307,migration channel
706,0.016910503,reporting platform cognos
828,0.016889263,enbds emirate
705,0.016667631,linux reporting platform
92,0.016610168,reporting hierarchy
665,0.016610168,hierarchy reporting
232,0.016548778,performance reporting
39,0.016388578,model
688,0.016297832,segment dimension
580,0.016279817,rbwm kpis
108,0.016277904,dfm emirate
78,0.015511562,emirate
179,0.015375659,infrastructure analytics reporting
144,0.015370065,mining risk performance
460,0.014637879,prb segment
371,0.014578045,bi dashboard
836,0.014474595,segment pl
177,0.01442346,in-memory database tool
293,0.014394435,mart compliance open
620,0.01378908,edw database
684,0.013775693,develop self-service reporting
276,0.013478192,analytical tool
93,0.013410762,segment
515,0.013114501,mi kpis
704,0.012885238,hana linux reporting
182,0.012764533,bi analytical predictive
233,0.012709223,reporting regulatory
234,0.012709223,regulatory reporting
172,0.012463935,tool technology utility
191,0.012279558,self-service dashboard scorecard
668,0.012168535,server reporting
395,0.012054879,on-demand querying reporting
590,0.011990377,security tradenet
384,0.011854531,bi analytical
630,0.011794996,tool technology
141,0.011700682,analytical capability
669,0.011502576,dashboard scorecard offline
202,0.011386957,device online offline
295,0.01127337,oracle finacle
490,0.011257845,finacle visionplus finnone
522,0.011227954,maintenance kpis
279,0.011170005,capability mart
732,0.011118553,bi olap analytics
666,0.011087147,dashboard scorecard ad-hoc
557,0.01104224,kpis open
426,0.010891679,online interface portal
134,0.010768636,mi performance
482,0.010694136,rbwm strategy
670,0.010662048,scorecard offline online
523,0.010593536,lifecycle kpis
507,0.010412019,cdm online
691,0.010362315,chosen database platform
545,0.010358564,anr risk
55,0.010343175,database oracle
193,0.010326098,period oem ha
425,0.010260986,non-individuals online interface
550,0.010242749,po online
748,0.010173081,tool technique
168,0.010118908,decision maker transformation
216,0.010051165,portal edw
785,0.009961091,finacle finnone
400,0.009859463,finacle core
782,0.009799031,dashboard cognos
166,0.009699406,etl oem
553,0.009682529,po active spends
472,0.009515547,crm platform
594,0.00945931,dashboard pack
298,0.009405705,edw middleware
816,0.009329009,aggregate kpis
376,0.009302712,tool hardware
105,0.009273766,security
229,0.009270624,period oem
495,0.009219134,online mobile
94,0.009140597,entity attribute
173,0.009102056,technology utility platform
708,0.009092207,bi window
297,0.009047809,flow compliance
271,0.008987147,dimension hierarchy
438,0.008920707,obiee crm campaign
699,0.008902946,linux etl informatica
814,0.008898182,hierarchy sale
394,0.008831552,dashboard managed
355,0.008777373,transactional finacle instance
713,0.008760235,quality metadata informatica
287,0.008745342,visualization tool
695,0.008720781,toolset tool
615,0.008613921,etl strategy
26,0.008566735,social ethical performance
595,0.008538671,sub-reports rbwm
159,0.008433327,cross functional analytical
228,0.008340003,extraction analysis
197,0.008314841,customized bi portal
388,0.00826765,analysis predictive modeling
77,0.00825171,intelligence bi
354,0.008234355,set transactional finacle
205,0.008207789,metadata oem
788,0.0081531,calypso kondor ir
65,0.008082483,tool
558,0.008062917,period enr
91,0.007895264,rbwm
586,0.007851683,snapshot finacle
176,0.007803889,hadoop in-memory database
787,0.007650882,eximbills calypso kondor
571,0.007593047,crm sale
20,0.007490777,risk
747,0.00748507,auditability compliance
285,0.007484271,compliance bau
674,0.007460711,optimizer performance tune
358,0.007326224,calypso kgr exim
393,0.007163693,concurrency capability
397,0.007162067,extraction transformation
640,0.007107517,etl batch
714,0.007072481,metadata informatica dq
552,0.007067751,active po
599,0.006992994,x-sell mi
696,0.006955429,platform dbms sybase
315,0.006935017,regulatory guideline dwh
247,0.006766433,journal oracle eb
66,0.00665403,performance measurement
30,0.00664751,period le
363,0.006618074,finacle cm
132,0.006577798,analytical domain
803,0.006534844,pcms oracle
129,0.006476233,decision making
731,0.006423096,oracle sso
797,0.006402006,sigcap crm
436,0.006151076,seibel crm obiee
264,0.00610078,tanfeeth diner eis
779,0.006094845,payable oracle
780,0.006071115,oracle hrms
781,0.006071115,hrms oracle
497,0.006070035,mi pack
421,0.006043618,authorization database
11,0.006038687,performance
625,0.00600374,cleaning transformation
210,0.005913812,material metadata
258,0.005910361,finacle
509,0.005886486,cdm cco
158,0.00582346,quality cross functional
786,0.005803872,lm eximbills calypso
783,0.005770315,dwh informatica
577,0.005749101,tat crm
41,0.005675736,skill technology
572,0.005646562,campaign lifecycle
253,0.005617425,calypso bond equity
431,0.005550895,cdm itm q-system
709,0.005525152,platform qlikview
715,0.005382434,informatica dq window
645,0.005287288,visionplus calypso
446,0.005204332,calypso ktp
406,0.005151104,finnone lm
74,0.005116752,framework agreement
800,0.005045285,memobile sdm cdm
701,0.004941593,window in-memory sap
718,0.004889843,sybase powerdesigner window
772,0.00482615,script applicable historical
610,0.004816363,maintenance extract
133,0.004794943,crm
794,0.004791349,ip sendero kgr
569,0.004774396,contact note
730,0.004772601,sso technology
792,0.004769158,netik odyssey triple
784,0.004737391,tibco finnone
727,0.004715588,dw server
45,0.00469158,tomcat iplanet chef
44,0.004689548,apache tomcat iplanet
617,0.004580169,strategy extraction
175,0.004576734,principle oem
404,0.00457128,cfu awai
591,0.004555878,cm contact
795,0.004355149,sendero kgr kvar
24,0.004351031,employee
510,0.004346451,cdm itm
555,0.004331159,spends aed mper
719,0.004314767,powerdesigner window hdfs
720,0.004274182,window hdfs hortonworks
790,0.004229796,kirl kondor
791,0.004161181,kondor ktp
672,0.004153217,mobile device
13,0.004121626,decision
310,0.004119354,dwh
17,0.004065866,agreement
360,0.00405073,finnone
573,0.004038705,campaign fatigue
314,0.004025792,basel regulatory guideline
725,0.004004291,archival strategy
536,0.003997752,ipp booking
408,0.003961553,dts saxo er
60,0.003949102,core
542,0.00393884,anr aif
543,0.00393884,aif anr
450,0.003848165,contact
386,0.003789027,statistical mathematical modeling
407,0.003784474,dgcx dts saxo
539,0.003747705,enr aif
540,0.003747705,aif enr
189,0.003685911,interface gui
771,0.003673133,migration script applicable
661,0.00352421,dimension scd
834,0.003413239,interface hl
448,0.00334246,non-performing debt dd
764,0.00333759,technique script
47,0.00333615,messaging websphere
703,0.003322546,sap hana linux
799,0.003315319,tlf memobile sdm
777,0.003280395,docsafe coldfusion edms
512,0.003249145,liability casa
702,0.00324642,in-memory sap hana
33,0.003216858,note criterion
254,0.003194219,bond equity derivative
546,0.003180161,dac ipp
722,0.003151119,hortonworks linux note
697,0.003113295,dbms sybase iq
721,0.003077734,hdfs hortonworks linux
537,0.002994836,dac booking
327,0.002990085,mathematical statistical
496,0.002964054,po
833,0.00294064,gui graphical
458,0.002909337,x-sell up-sell
111,0.002869596,historical
149,0.002843401,maintenance
403,0.00280617,auto
462,0.002798872,strategy
440,0.002798105,sale
31,0.002785843,quality
430,0.002753161,cco
533,0.002725548,undergoing involuntary
531,0.00272088,undergoing voluntary
243,0.002716611,tradenet
412,0.002707682,derivative er
527,0.002669744,allfunds scb clearstream
616,0.002633384,window
49,0.002627295,transfer
535,0.002614778,spends
561,0.002607198,booking ntb
2,0.002605275,gareth fish
626,0.002541284,audit
0,0.00235488,paas msp
19,0.002354607,making
54,0.002338747,tdi isds
56,0.002310532,dataware hadoop
566,0.002294516,non-performing debt
4,0.002290627,criterion
405,0.002208983,lifecycle
119,0.00218245,natural pearl
464,0.002181097,liability
399,0.002110663,sr
729,0.002105342,pci ds
737,0.002090599,technique
343,0.002073856,sla tat
42,0.002011735,websphere
62,0.001990805,insight
544,0.001982069,le reversal
79,0.001972962,extract
347,0.001949979,row
72,0.001945771,increased
215,0.001941322,snapshot
422,0.001940439,mobile
340,0.001928191,posse distribution
282,0.001924662,trend
416,0.001892069,scb clearstream
57,0.001887434,mongo db
567,0.001867069,dda
244,0.001859751,exim
124,0.00185123,repository
115,0.001817308,machine cdms
138,0.001814212,interaction
443,0.00181312,eximbills etf
392,0.00178791,tablet pc
146,0.001758682,dash board
745,0.001750257,ownership steward
401,0.00171441,casa fd
63,0.00170095,capacity
353,0.00164093,permission control
726,0.001633206,concurrent
188,0.001625462,graphical
582,0.001613589,flag ale
357,0.001609973,awai
296,0.001600873,swift
199,0.001600721,web
364,0.001600659,docsafe
36,0.001590381,material
112,0.001560695,foundation
25,0.001545146,representative
102,0.001538769,setup
69,0.001537266,deliverable
455,0.001532916,icc
64,0.001492192,certification accreditation
614,0.001480055,ad-hoc
29,0.001456541,answer
120,0.001452112,people
52,0.001441147,identity
53,0.001421497,itim
3,0.001407717,st
420,0.001403359,tlf
147,0.001400628,ds
106,0.001395144,meta-data
380,0.001385035,guiding principle
564,0.001377701,enbds
324,0.001375738,ball
22,0.001351649,matter
309,0.001341899,stakeholder
325,0.001339658,light
242,0.001331861,transactional
51,0.001331494,integrator
43,0.001317804,jboss
517,0.001303253,pair
402,0.001296754,visionplus
382,0.001292469,batch
38,0.001291302,dual
442,0.00128409,crad
323,0.001272203,chart
28,0.001254661,participant
226,0.001246991,script
326,0.001211977,easier
235,0.001210128,basel
262,0.001198463,hoemirates
68,0.001186045,concern
50,0.001184094,sftp
419,0.001171836,pcms
35,0.001160324,attachment
444,0.001158834,lc
346,0.001155918,privilege
581,0.001138888,mnemonic
121,0.00110042,china
433,0.001099375,twitterpay
322,0.001075136,graph
447,0.001074204,workflow
534,0.001071053,aif
465,0.001063832,pl
37,0.001055474,ha
516,0.00105082,aed
466,0.001042507,hl
728,0.001033952,spool
463,0.001028427,retention
148,0.001025562,analyze
67,0.001024375,dependency
12,0.000992133,set
508,0.00098868,non-digital
468,0.000972272,cross-functional
513,0.000969186,trending
223,0.000961748,summarized
278,0.00095808,tuning
214,0.000944457,aggregate
283,0.000916357,act
163,0.00089896,infrastructure
7,0.000897357,usa
123,0.000896089,phased
602,0.000895422,non-discretionary
579,0.000886351,c-sat
131,0.000884364,unified
8,0.000875287,measurable
6,0.000870719,extensive
116,0.000847752,fast-growing
16,0.000845221,re-package
34,0.000839657,succinct
798,0.000838798,avaya
23,0.000838542,oral
261,0.000825612,groupemirates
21,0.000825006,TRUE
1,0.000814731,bay
61,0.000809644,zone
32,0.000806185,credibility
802,0.000800947,electronic
266,0.000798296,ksaemirates
18,0.000788581,arrangement
14,0.000784619,non-compliance
560,0.000783745,pre-closures
335,0.000783719,classroom
635,0.000781247,sm
559,0.000778503,outflow
445,0.000778106,lbds
456,0.000775895,ft
361,0.000771488,lcm
114,0.000760914,valued
418,0.000758308,agile
336,0.00075143,student
225,0.000731792,extendible
113,0.000730372,promising
765,0.000729549,timeline
520,0.000720463,proxy
676,0.000719812,super
48,0.000712329,managed
249,0.000703582,sol
110,0.000703213,achievement
73,0.000702221,tolerance
743,0.000701934,belief
40,0.000699203,saving
755,0.000697726,landscape
629,0.000697174,weekly
185,0.000693122,olap
186,0.000692514,dice
245,0.000685331,leg
518,0.00068485,buy
604,0.000683752,stamp
334,0.000682237,needing
10,0.000679861,excellence
109,0.000679525,enhanced
71,0.000679328,regime
337,0.000677399,productive
362,0.000676259,clims
519,0.000668891,#NAME?
738,0.000666082,parameterization
286,0.000665408,missed
549,0.000660572,dc
338,0.000655119,color
570,0.000654113,growthproduct
59,0.000653069,serf
776,0.000653013,car
562,0.000649739,ticket
744,0.000648939,differentiator
122,0.000646585,ambassador
301,0.000642678,scenario
627,0.000640035,near-real
521,0.000639672,amountsnew
398,0.000637144,session
290,0.000636635,watch
693,0.000635934,drawback
467,0.000633827,abu
303,0.000632924,one-way
241,0.000630433,suspension
379,0.000630341,pci-dss
107,0.000627465,wa
813,0.000625543,correct
565,0.000625457,marketclient
769,0.000624514,etls
277,0.000623262,wb
459,0.000621548,mass
587,0.000620705,fraud
511,0.000618081,geographic
644,0.000617884,core-systems
835,0.000613921,ocrm
164,0.000613767,customized
563,0.000611835,ead
551,0.000609695,detailsdebit
385,0.000608954,redundancy
649,0.000608297,semantic
500,0.000606798,cross-reference
817,0.000606516,narration
257,0.00060624,contra
746,0.000605402,logic
171,0.000604546,rfq
471,0.000600297,semi-automatic
187,0.000599827,aggregated
280,0.000599812,attached
483,0.000599226,advisor
524,0.000596857,perspective
641,0.000596314,od
810,0.0005957,customerclass
302,0.000595596,suspicious
662,0.000595428,dba
125,0.000595063,cross-relating
609,0.000594006,intraday
643,0.000593388,scd-
365,0.000593332,covenant
15,0.000593136,develop
165,0.000592046,semi-structured
479,0.000591376,analytic
373,0.000586709,inclusive
